City,Provider_Count
South Christopherborough,3
New Carol,3
Williamview,2
West Lauraborough,2
West Christopher,2
Tammyside,2
South Thomas,2
Port Patrick,2
Port Melissa,2
Phillipsfort,2
North Michelle,2
North Kevinhaven,2
North Julieburgh,2
North Ashley,2
New Zachary,2
New Richard,2
New Lisa,2
New Larry,2
New John,2
New Daniel,2
New Amanda,2
Leslieville,2
Lake Regina,2
Lake Michael,2
Lake Kyle,2
Lake Benjamin,2
Jonathanstad,2
Jamesport,2
East Stephanie,2
East Melissa,2
East Lisa,2
East Jennifer,2
East Anthony,2
Davidville,2
Bradleyport,2
Zimmermanville,1
Zimmermanton,1
Youngchester,1
Yatesside,1
Wrightville,1
Woodport,1
Wilsonview,1
Wilsonport,1
Williamsshire,1
Williamsonmouth,1
Williamsmouth,1
Williamsland,1
Williamsfort,1
Williamschester,1
Williammouth,1
Williamland,1
Wheelermouth,1
Westmouth,1
Westbury,1
West Whitneymouth,1
West Vanessafort,1
West Tylerberg,1
West Trevorview,1
West Tinamouth,1
West Thomas,1
West Theresaberg,1
West Tammy,1
West Stevenport,1
West Stephenside,1
West Stephen,1
West Stephaniemouth,1
West Sharonview,1
West Samuelfurt,1
West Samantha,1
West Robert,1
West Phillip,1
West Peterborough,1
West Peter,1
West Pamelaborough,1
West Omarside,1
West Omar,1
West Michael,1
West Miaside,1
West Melissastad,1
West Melissa,1
West Matthew,1
West Margaretfort,1
West Lucasville,1
West Lisamouth,1
West Larry,1
West Kevin,1
West Kenneth,1
West Kelli,1
West Karen,1
West Kara,1
West Julianburgh,1
West Juliabury,1
West Jeffreyland,1
West James,1
West Hunter,1
West Erinport,1
West Elizabethport,1
West Dawn,1
West Dannyland,1
West Danieltown,1
West Danielborough,1
West Daniel,1
West Corey,1
West Cherylfort,1
West Charlesborough,1
West Catherine,1
West Carolyn,1
West Brandon,1
West Billborough,1
West Benjamin,1
West Ashleytown,1
West Anthonymouth,1
West Amandafurt,1
West Amanda,1
West Aliciabury,1
West Adammouth,1
West Adam,1
West Abigailtown,1
Weberfurt,1
Watsonton,1
Watsonstad,1
Washingtonville,1
Wardton,1
Walterton,1
Walterborough,1
Walkerfurt,1
Wadeville,1
Villastad,1
Villaborough,1
Velazquezview,1
Vazquezshire,1
Vazquezland,1
Valenzuelaville,1
Valentineside,1
Valdezborough,1
Tyronebury,1
Tylerton,1
Tylerburgh,1
Tracyfort,1
Torresshire,1
Torresfort,1
Toddstad,1
Toddberg,1
Tinamouth,1
Timothyview,1
Timothychester,1
Thorntonbury,1
Thomasville,1
Thomasfurt,1
Taylormouth,1
Taylorfort,1
Taylorchester,1
Tammystad,1
Tamaraside,1
Sylviabury,1
Suzanneport,1
Strongmouth,1
Stewartfurt,1
Steveport,1
Steventown,1
Stevensborough,1
Stevenchester,1
Stephanieberg,1
Steeleport,1
Spenceland,1
South Zacharymouth,1
South William,1
South Tylerstad,1
South Tina,1
South Tiffanyfort,1
South Thomasville,1
South Tammy,1
South Stefanietown,1
South Sarastad,1
South Sarahville,1
South Russelltown,1
South Robert,1
South Richardhaven,1
South Richard,1
South Randy,1
South Nicole,1
South Nicholasville,1
South Morganfurt,1
South Michellechester,1
South Michaelhaven,1
South Michaelberg,1
South Melanieshire,1
South Marthahaven,1
South Louis,1
South Lisabury,1
South Lisaberg,1
South Linda,1
South Kevinhaven,1
South Kendra,1
South Kellyville,1
South Kellyland,1
South Kellyberg,1
South Kelly,1
South Kayla,1
South Kathryn,1
South Karen,1
South Justinborough,1
South Joshua,1
South Johnshire,1
South Jillshire,1
South Jessicachester,1
South Jerryside,1
South Jeffreyburgh,1
South Jeffrey,1
South Jeffery,1
South Jason,1
South Jasmineville,1
South Jacobport,1
South Edwardtown,1
South Douglashaven,1
South Donald,1
South Davidside,1
South Danielle,1
South Crystalberg,1
South Charles,1
South Cassandra,1
South Bryan,1
South Brenda,1
South Brandiberg,1
South Bradleyburgh,1
South Anne,1
South Andrewport,1
South Andrew,1
South Allisonburgh,1
South Allison,1
South Alicia,1
Solisburgh,1
Snyderton,1
Smithstad,1
Smithmouth,1
Smithfort,1
Shortfurt,1
Shirleyland,1
Sheilaburgh,1
Sheenashire,1
Shawnborough,1
Sharonton,1
Shannonside,1
Scottton,1
Scotthaven,1
Scottchester,1
Sarahview,1
Sarahside,1
Sarahland,1
Saraburgh,1
Sandrastad,1
Sandersshire,1
Samuelville,1
Samueltown,1
Samanthabury,1
Salinasville,1
Salastown,1
Russellfurt,1
Ruizmouth,1
Roystad,1
Rogersmouth,1
Rodriguezview,1
Rodriguezfurt,1
Rodneystad,1
Robinsonfort,1
Robertton,1
Robertsonfort,1
Robertshire,1
Robertschester,1
Robertland,1
Roachhaven,1
Ritterburgh,1
Richton,1
Richchester,1
Richardton,1
Richardsonhaven,1
Richardmouth,1
Richardfort,1
Riceshire,1
Reynoldsbury,1
Reyesshire,1
Reidland,1
Rebeccabury,1
Rebeccaburgh,1
Raymondview,1
Raybury,1
Randallville,1
Randallchester,1
Ramseyfort,1
Ramosville,1
Priceland,1
Port Victoria,1
Port Troychester,1
Port Timothystad,1
Port Tanyaburgh,1
Port Staceymouth,1
Port Rubenville,1
Port Ronaldshire,1
Port Robin,1
Port Robertport,1
Port Robert,1
Port Richardshire,1
Port Rebekah,1
Port Raymondburgh,1
Port Peter,1
Port Pamelaport,1
Port Michaelshire,1
Port Michael,1
Port Melanie,1
Port Matthew,1
Port Markview,1
Port Marissachester,1
Port Mariefort,1
Port Marcland,1
Port Manuel,1
Port Loganberg,1
Port Lisamouth,1
Port Linda,1
Port Lesliebury,1
Port Leahfurt,1
Port Lauriechester,1
Port Lauraville,1
Port Lance,1
Port Kevinburgh,1
Port Kendraborough,1
Port Kathleen,1
Port Karen,1
Port Juliafort,1
Port Julia,1
Port John,1
Port Jillian,1
Port Jerome,1
Port Jennifer,1
Port Jeffrey,1
Port Jacob,1
Port Heidiland,1
Port Hannahmouth,1
Port Hannah,1
Port Gregton,1
Port Glendastad,1
Port Erinton,1
Port Erin,1
Port Eric,1
Port Emilyburgh,1
Port Emily,1
Port Dustin,1
Port Donnaton,1
Port Donnamouth,1
Port Dianaberg,1
Port Davidshire,1
Port David,1
Port Daniellechester,1
Port Daniel,1
Port Corystad,1
Port Connie,1
Port Christopher,1
Port Christina,1
Port Carrie,1
Port Bryce,1
Port Brett,1
Port Anita,1
Port Andrea,1
Port Andre,1
Port Amandamouth,1
Port Allisonland,1
Port Aaron,1
Phillipsmouth,1
Petersonside,1
Petersonburgh,1
Peterhaven,1
Perkinsbury,1
Pereztown,1
Perezport,1
Penabury,1
Pearsonchester,1
Paulmouth,1
Patrickmouth,1
Patrickfort,1
Parksburgh,1
Pamelaburgh,1
Pamelaberg,1
Padillatown,1
Padillamouth,1
Owensstad,1
Owenschester,1
Olsenstad,1
North William,1
North Victoriastad,1
North Valerie,1
North Tracy,1
North Tom,1
North Susan,1
North Stevenbury,1
North Steven,1
North Stephanieville,1
North Sherrimouth,1
North Sharonburgh,1
North Sharonberg,1
North Ryan,1
North Ronaldmouth,1
North Ronaldburgh,1
North Richard,1
North Ravenfurt,1
North Paulstad,1
North Nicoleport,1
North Nicholas,1
North Nathan,1
North Mike,1
North Melanie,1
North Mary,1
North Marthaton,1
North Mariahchester,1
North Lisamouth,1
North Lisaland,1
North Lindseychester,1
North Lauren,1
North Kylestad,1
North Kennethview,1
North Kennethshire,1
North Keith,1
North Katherineshire,1
North Katelynland,1
North Katelyn,1
North Joseph,1
North Jenniferport,1
North Jamesberg,1
North James,1
North Ianbury,1
North Garybury,1
North Gary,1
North Elizabeth,1
North Edwinchester,1
North Ebony,1
North Douglasfurt,1
North Destiny,1
North Crystal,1
North Christina,1
North Chase,1
North Charlesside,1
North Catherine,1
North Carolfurt,1
North Carmen,1
North Caitlin,1
North Brooke,1
North Briannabury,1
North Brentbury,1
North Brendaborough,1
North Biancaview,1
North Bethanyville,1
North Amber,1
North Amanda,1
North Alison,1
North Aaron,1
Nolanmouth,1
Nicoletown,1
Nicolefort,1
New Willieburgh,1
New William,1
New Wendymouth,1
New Travisshire,1
New Tiffanystad,1
New Thomasmouth,1
New Tammyland,1
New Steven,1
New Samuel,1
New Ryanbury,1
New Rodneyville,1
New Robertstad,1
New Robertland,1
New Robert,1
New Ricky,1
New Rhonda,1
New Rachel,1
New Ninashire,1
New Natasha,1
New Monicaside,1
New Michelle,1
New Michaelmouth,1
New Matthew,1
New Leslieport,1
New Kevintown,1
New Joshuamouth,1
New Josemouth,1
New Johnfurt,1
New Joel,1
New Jessica,1
New Jeremyberg,1
New Jenniferbury,1
New Jason,1
New Jamesburgh,1
New Jacob,1
New Hollyfurt,1
New Heidi,1
New Hannah,1
New Ginaborough,1
New Frank,1
New Evanport,1
New Erica,1
New Emily,1
New Douglas,1
New Denise,1
New Dawnborough,1
New David,1
New Curtis,1
New Crystal,1
New Connorfort,1
New Calebberg,1
New Bobbytown,1
New Billy,1
New Baileyfort,1
New Aaronberg,1
Nathanielbury,1
Myerschester,1
Murrayborough,1
Murphyberg,1
Muellermouth,1
Moseshaven,1
Mortonfort,1
Morriston,1
Morganside,1
Morganhaven,1
Moralesside,1
Moralesberg,1
Mooreview,1
Mooremouth,1
Mooneybury,1
Mitchellmouth,1
Millerview,1
Millerstad,1
Mikaylachester,1
Michellechester,1
Michaelview,1
Michaelton,1
Michaelport,1
Meyersland,1
Mendozastad,1
Mendezmouth,1
Meghanfurt,1
Meganshire,1
Medinatown,1
Mckinneymouth,1
Mcclainfurt,1
Maysside,1
Maynardstad,1
Maxwellburgh,1
Matthewbury,1
Marymouth,1
Martinville,1
Martinezfort,1
Marthaside,1
Markport,1
Markborough,1
Markberg,1
Marissaville,1
Marcstad,1
Manuelhaven,1
Manningshire,1
Madisonfort,1
Madelinechester,1
Lucasmouth,1
Louismouth,1
Lopezport,1
Lopezmouth,1
Longland,1
Lisamouth,1
Lisafort,1
Lisaborough,1
Lindseyland,1
Lindseybury,1
Linchester,1
Liberg,1
Lewishaven,1
Lewisberg,1
Levytown,1
Leville,1
Lesterstad,1
Leonfort,1
Leonardborough,1
Leeburgh,1
Laurietown,1
Latoyaberg,1
Lamberttown,1
Lake Xavierburgh,1
Lake Vanessaland,1
Lake Vanessa,1
Lake Travis,1
Lake Traceyburgh,1
Lake Theresa,1
Lake Tamara,1
Lake Stephen,1
Lake Shelby,1
Lake Sarah,1
Lake Ryanbury,1
Lake Richardhaven,1
Lake Raymondton,1
Lake Rachael,1
Lake Nicolebury,1
Lake Nathan,1
Lake Monique,1
Lake Mistyton,1
Lake Michaelview,1
Lake Michaelfurt,1
Lake Michaelchester,1
Lake Maria,1
Lake Lorrainefort,1
Lake Lisa,1
Lake Lindsey,1
Lake Lindsay,1
Lake Lauren,1
Lake Lauraton,1
Lake Latasha,1
Lake Larry,1
Lake Kristentown,1
Lake Kendramouth,1
Lake Kelly,1
Lake Katherinechester,1
Lake Kari,1
Lake Karenfurt,1
Lake Justin,1
Lake Josephton,1
Lake Joseph,1
Lake Joelshire,1
Lake Jesusview,1
Lake Jessicamouth,1
Lake Jeffreytown,1
Lake Jefferyborough,1
Lake Jason,1
Lake Jasmin,1
Lake Jamestown,1
Lake James,1
Lake Jaclyn,1
Lake Heather,1
Lake George,1
Lake Gary,1
Lake Ethanview,1
Lake Donna,1
Lake Donaldmouth,1
Lake Donaldchester,1
Lake Diane,1
Lake Devon,1
Lake Dennischester,1
Lake Deborah,1
Lake Coryhaven,1
Lake Christophermouth,1
Lake Christopherburgh,1
Lake Christinaborough,1
Lake Chloeshire,1
Lake Cheryl,1
Lake Charleston,1
Lake Cathy,1
Lake Carlos,1
Lake Brendaland,1
Lake Bianca,1
Lake April,1
Lake Anthonyport,1
Lake Andrewmouth,1
Lake Amymouth,1
Lake Allen,1
Lake Alicia,1
Lake Alexis,1
Kylehaven,1
Kimberlychester,1
Kevinfort,1
Kentland,1
Kennedychester,1
Kellytown,1
Kellyberg,1
Keithburgh,1
Kayleefort,1
Katherinefurt,1
Katherineborough,1
Karentown,1
Kaitlynville,1
Justinhaven,1
Judystad,1
Joshuastad,1
Joseville,1
Josephburgh,1
Jordanhaven,1
Jordanborough,1
Jordanberg,1
Jonestown,1
Jonesport,1
Joneshaven,1
Jonathanmouth,1
Jonathanhaven,1
Johnton,1
Johnstonhaven,1
Johnsonside,1
Johnsonborough,1
Johnport,1
Jimmymouth,1
Jimmyberg,1
Jessicaland,1
Jessestad,1
Jeremiahfort,1
Jenniferville,1
Jenniferview,1
Jennifertown,1
Jeffreyshire,1
Jeffreyport,1
Jeffreybury,1
Jeffreyburgh,1
Jefferyside,1
Jasonstad,1
Jasonmouth,1
Jasonland,1
Jasminechester,1
Jasmineberg,1
Janetborough,1
Jamesville,1
Jamesview,1
Jamesfurt,1
Jameschester,1
Huntermouth,1
Huberstad,1
Holtmouth,1
Hollyhaven,1
Hillburgh,1
Hestermouth,1
Herbertbury,1
Henrychester,1
Heatherview,1
Heatherside,1
Heathermouth,1
Heathborough,1
Hayesville,1
Hawkinsmouth,1
Harrisonbury,1
Harrishaven,1
Hamiltontown,1
Gutierrezshire,1
Grahamside,1
Gonzalesport,1
Gomezfurt,1
Ginaview,1
Gibsonfort,1
Garzaville,1
Gardnerfort,1
Garciatown,1
Garciaside,1
Garciaport,1
Garciamouth,1
Garciaberg,1
Galvanfurt,1
Gaineschester,1
Fullerborough,1
Frostberg,1
Frederickside,1
Francisshire,1
Fowlerbury,1
Floresville,1
Flemingport,1
Fisherstad,1
Evansmouth,1
Estradafort,1
Erikatown,1
Ericfort,1
Elliottberg,1
Edwardsbury,1
East Williamshire,1
East Williamburgh,1
East Timothy,1
East Terrancemouth,1
East Tammy,1
East Stephanieview,1
East Sonyaport,1
East Sheena,1
East Shanestad,1
East Sandratown,1
East Sandra,1
East Samantha,1
East Rossside,1
East Robertton,1
East Roberthaven,1
East Robert,1
East Richardside,1
East Phillipton,1
East Nicholasbury,1
East Michelle,1
East Michael,1
East Meganfort,1
East Lori,1
East Lindsayville,1
East Lauren,1
East Laurashire,1
East Laura,1
East Kimberly,1
East Kevin,1
East Joseph,1
East Johnburgh,1
East John,1
East Jesse,1
East Janet,1
East Jacobchester,1
East Heatherport,1
East Heather,1
East Garyton,1
East Emilyburgh,1
East Emily,1
East Elizabethberg,1
East Elizabeth,1
East Edwinburgh,1
East Donnafort,1
East Deniseborough,1
East Deborah,1
East Darrell,1
East Cynthia,1
East Craig,1
East Courtneymouth,1
East Christophertown,1
East Caseyfort,1
East Candace,1
East Brittanyland,1
East Bernard,1
East Benjaminland,1
East Austin,1
East Ashleyshire,1
East Annshire,1
East Angelafort,1
East Angela,1
East Andrewland,1
East Andrea,1
East Amymouth,1
East Amyfurt,1
East Alexisberg,1
East Aaron,1
Durhamchester,1
Drakeville,1
Donnaborough,1
Devinton,1
Devinmouth,1
Derekshire,1
Derekport,1
Derekland,1
Deckermouth,1
Deborahland,1
Deborahfurt,1
Deanport,1
Davisview,1
Davisshire,1
Davidport,1
Davidland,1
Davidchester,1
Davidborough,1
Darrylchester,1
Darrellfurt,1
Dannybury,1
Danaville,1
Danachester,1
Cunninghambury,1
Cummingstown,1
Crystalborough,1
Courtneychester,1
Cordovaborough,1
Copelandchester,1
Coopermouth,1
Contrerasberg,1
Connieside,1
Collinston,1
Collinsmouth,1
Colemanton,1
Coleburgh,1
Codyview,1
Clarkberg,1
Cisnerostown,1
Cindyshire,1
Christopherton,1
Christopherstad,1
Christopherside,1
Christopherchester,1
Christinetown,1
Christinamouth,1
Christinaland,1
Christianfurt,1
Chelseyfort,1
Chelseaside,1
Charlesview,1
Charlesmouth,1
Charlesland,1
Chambersfort,1
Chadview,1
Castilloport,1
Cassandraville,1
Carrport,1
Carolchester,1
Carlbury,1
Carlborough,1
Cannonside,1
Campbellchester,1
Campbellbury,1
Cameronside,1
Callahanside,1
Cabreraberg,1
Butlerview,1
Bryantton,1
Browntown,1
Brownton,1
Brownshire,1
Browninghaven,1
Brownchester,1
Brownberg,1
Brookeland,1
Brittanyville,1
Brittanyside,1
Brittanyport,1
Brittanyland,1
Bridgetside,1
Brianside,1
Brewerfort,1
Brennanstad,1
Brendantown,1
Brandyberg,1
Bradleyview,1
Bradleyborough,1
Boylechester,1
Bonillahaven,1
Blaketown,1
Bentonfurt,1
Bentleyburgh,1
Benjaminstad,1
Bellport,1
Belindaville,1
Beasleyhaven,1
Batesstad,1
Basstown,1
Bartonborough,1
Barryside,1
Barkerborough,1
Baldwinshire,1
Bairdfort,1
Ashleyton,1
Ashleyhaven,1
Arnoldmouth,1
Aprilberg,1
Anthonyton,1
Anthonyshire,1
Anthonyhaven,1
Anthonyfort,1
Anthonychester,1
Anthonyborough,1
Anneville,1
Annetteburgh,1
Annahaven,1
Anitashire,1
Andrewstad,1
Andrewsmouth,1
Andreaborough,1
Andersonville,1
Andersonmouth,1
Amyport,1
Ambertown,1
Amberton,1
Amandashire,1
Amandaborough,1
Allenton,1
Allenborough,1
Alexanderstad,1
Alexanderchester,1
Aguirreville,1
Adamsville,1
Adamsview,1
Adambury,1
